PRAGMA foreign_keys=OFF;
BEGIN TRANSACTION;
CREATE TABLE pokemons (
  '図鑑番号' INTEGER NOT NULL,
  'ポケモン名' VARCHAR(20) NOT NULL,
  'タイプ' VARCHAR(10) NOT NULL,
  '色' VARCHAR(20) NOT NULL,
  '重さ' FLOAT NOT NULL,
  '大きさ' FLOAT NOT NULL,
  '進化段階' INTEGER NOT NULL,
  '飛行可能か' BOOLEAN NOT NULL,
  '生息地' VARCHAR(50) NOT NULL,
  '伝説のポケモン' BOOLEAN NOT NULL,
  '外見的特徴' VARCHAR(50) NOT NULL,
  '化石ポケモン' BOOLEAN NOT NULL,
  '代表的な技' VARCHAR(20) NOT NULL,
  'サトシの所持の有無' BOOLEAN NOT NULL,
  '特性' VARCHAR(10) NOT NULL,
  '頭文字' CHAR(1) NOT NULL,
  PRIMARY KEY('図鑑番号')
);
INSERT INTO pokemons VALUES(1,'フシギダネ','くさ/どく','みどり',6.900000000000000355,0.6999999999999999556,1,0,'草原',0,'背中にタネ',0,'つるのムチ',1,'しんりょく','フ');
INSERT INTO pokemons VALUES(2,'フシギソウ','くさ/どく','みどり',13.0,1.0,2,0,'草原',0,'背中に花芽',0,'はっぱカッター',0,'しんりょく','フ');
INSERT INTO pokemons VALUES(3,'フシギバナ','くさ/どく','みどり',100.0,2.0,3,0,'草原',0,'背中に大きな花',0,'ソーラービーム',0,'しんりょく','フ');
INSERT INTO pokemons VALUES(4,'ヒトカゲ','ほのお','オレンジ',8.5,0.5999999999999999778,1,0,'山',0,'しっぽの炎',0,'ひのこ',1,'もうか','ヒ');
INSERT INTO pokemons VALUES(5,'リザード','ほのお','オレンジ',19.0,1.100000000000000089,2,0,'山',0,'鋭いツメ',0,'きりさく',0,'もうか','リ');
INSERT INTO pokemons VALUES(6,'リザードン','ほのお/ひこう','オレンジ',90.5,1.699999999999999956,3,1,'山',0,'大きな翼',0,'かえんほうしゃ',1,'もうか','リ');
INSERT INTO pokemons VALUES(7,'ゼニガメ','みず','あお',9.0,0.5,1,0,'湖・川',0,'甲羅',0,'みずでっぽう',1,'げきりゅう','セ');
INSERT INTO pokemons VALUES(8,'カメール','みず','あお',22.5,1.0,2,0,'湖・川',0,'ふさふさのしっぽ',0,'アクアテール',0,'げきりゅう','カ');
INSERT INTO pokemons VALUES(9,'カメックス','みず','あお',85.5,1.600000000000000088,3,0,'湖・川',0,'大砲のような甲羅',0,'ハイドロポンプ',0,'げきりゅう','カ');
INSERT INTO pokemons VALUES(10,'キャタピー','むし','みどり',2.899999999999999912,0.2999999999999999889,1,0,'森',0,'黄色い触角',0,'たいあたり',0,'りんぷん','キ');
INSERT INTO pokemons VALUES(11,'トランセル','むし','みどり',9.90000000000000035,0.6999999999999999556,2,0,'森',0,'かたい殻',0,'かたくなる',0,'だっぴ','ト');
INSERT INTO pokemons VALUES(12,'バタフリー','むし/ひこう','むらさき',32.0,1.100000000000000089,3,1,'森',0,'大きな羽',0,'ねんりき',1,'ふくがん','バ');
INSERT INTO pokemons VALUES(13,'ビードル','むし/どく','きいろ',3.200000000000000177,0.2999999999999999889,1,0,'森',0,'頭と尻尾の針',0,'どくばり',0,'りんぷん','ヒ');
INSERT INTO pokemons VALUES(14,'コクーン','むし/どく','きいろ',10.0,0.5999999999999999778,2,0,'森',0,'硬い殻',0,'かたくなる',0,'だっぴ','コ');
INSERT INTO pokemons VALUES(15,'スピアー','むし/どく','きいろ',29.5,1.0,3,1,'森',0,'腕の大きな針',0,'ダブルニードル',0,'むしのしらせ','ス');
INSERT INTO pokemons VALUES(16,'ポッポ','ノーマル/ひこう','ちゃいろ',1.800000000000000044,0.2999999999999999889,1,1,'草原',0,'短いくちばし',0,'かぜおこし',0,'するどいめ','ホ');
INSERT INTO pokemons VALUES(17,'ピジョン','ノーマル/ひこう','ちゃいろ',30.0,1.100000000000000089,2,1,'草原',0,'長い羽',0,'つばさでうつ',0,'するどいめ','ヒ');
INSERT INTO pokemons VALUES(18,'ピジョット','ノーマル/ひこう','ちゃいろ',39.5,1.5,3,1,'草原',0,'大きなトサカ',0,'ぼうふう',0,'するどいめ','ヒ');
INSERT INTO pokemons VALUES(19,'コラッタ','ノーマル','むらさき',3.5,0.2999999999999999889,1,0,'草原',0,'大きな前歯',0,'かみつく',0,'にげあし','コ');
INSERT INTO pokemons VALUES(20,'ラッタ','ノーマル','ちゃいろ',18.5,0.6999999999999999556,2,0,'草原',0,'大きな尾',0,'ひっさつまえば',0,'こんじょう','ラ');
INSERT INTO pokemons VALUES(21,'オニスズメ','ノーマル/ひこう','ちゃいろ',2.0,0.2999999999999999889,1,1,'草原',0,'短い羽',0,'つつく',0,'するどいめ','オ');
INSERT INTO pokemons VALUES(22,'オニドリル','ノーマル/ひこう','ちゃいろ',38.0,1.199999999999999956,2,1,'草原',0,'長いくちばし',0,'ドリルくちばし',0,'するどいめ','オ');
INSERT INTO pokemons VALUES(23,'アーボ','どく','むらさき',6.900000000000000355,2.0,1,0,'草原',0,'長い体',0,'ようかいえき',0,'いかく','ア');
INSERT INTO pokemons VALUES(24,'アーボック','どく','むらさき',65.0,3.5,2,0,'草原',0,'顔のような模様',0,'かみつく',0,'いかく','ア');
INSERT INTO pokemons VALUES(25,'ピカチュウ','でんき','きいろ',6.0,0.4000000000000000222,1,0,'森',0,'ほっぺの電気袋',0,'10まんボルト',1,'せいでんき','ヒ');
INSERT INTO pokemons VALUES(26,'ライチュウ','でんき','きいろ',30.0,0.8000000000000000444,2,0,'森',0,'長いしっぽ',0,'かみなり',0,'せいでんき','ラ');
INSERT INTO pokemons VALUES(27,'サンド','じめん','きいろ',12.0,0.5999999999999999778,1,0,'荒野',0,'とげとげの体',0,'ひっかく',0,'すながくれ','サ');
INSERT INTO pokemons VALUES(28,'サンドパン','じめん','きいろ',29.5,1.0,2,0,'荒野',0,'鋭いツメ',0,'きりさく',0,'すながくれ','サ');
INSERT INTO pokemons VALUES(29,'ニドラン♀','どく','むらさき',7.0,0.4000000000000000222,1,0,'草原',0,'小さなツノ',0,'どくばり',0,'どくのトゲ','ニ');
INSERT INTO pokemons VALUES(30,'ニドリーナ','どく','むらさき',20.0,0.8000000000000000444,2,0,'草原',0,'小さなツノ',0,'にらみつける',0,'どくのトゲ','ニ');
INSERT INTO pokemons VALUES(31,'ニドクイン','どく/じめん','あお',60.0,1.300000000000000044,3,0,'草原',0,'ごつごつした体',0,'じしん',0,'どくのトゲ','ニ');
INSERT INTO pokemons VALUES(32,'ニドラン♂','どく','むらさき',9.0,0.5,1,0,'草原',0,'大きなツノ',0,'つのでつく',0,'どくのトゲ','ニ');
INSERT INTO pokemons VALUES(33,'ニドリーノ','どく','むらさき',19.5,0.9000000000000000222,2,0,'草原',0,'大きなツノ',0,'どくばり',0,'どくのトゲ','ニ');
INSERT INTO pokemons VALUES(34,'ニドキング','どく/じめん','むらさき',62.0,1.399999999999999912,3,0,'草原',0,'ごつごつした体',0,'メガホーン',0,'どくのトゲ','ニ');
INSERT INTO pokemons VALUES(35,'ピッピ','フェアリー','ピンク',7.5,0.5999999999999999778,1,0,'山',0,'巻き耳',0,'ゆびをふる',0,'メロメロボディ','ヒ');
INSERT INTO pokemons VALUES(36,'ピクシー','フェアリー','ピンク',40.0,1.300000000000000044,2,0,'山',0,'大きな耳',0,'ムーンフォース',0,'メロメロボディ','ヒ');
INSERT INTO pokemons VALUES(37,'ロコン','ほのお','オレンジ',9.90000000000000035,0.5999999999999999778,1,0,'草原',0,'6本のしっぽ',0,'ひのこ',0,'もらいび','ロ');
INSERT INTO pokemons VALUES(38,'キュウコン','ほのお','きいろ',19.89999999999999857,1.100000000000000089,2,0,'草原',0,'9本のしっぽ',0,'だいもんじ',0,'もらいび','キ');
INSERT INTO pokemons VALUES(39,'プリン','ノーマル/フェアリー','ピンク',5.5,0.5,1,0,'草原',0,'丸い体',0,'うたう',0,'メロメロボディ','フ');
INSERT INTO pokemons VALUES(40,'プクリン','ノーマル/フェアリー','ピンク',12.0,1.0,2,0,'草原',0,'大きな目',0,'ハイパーボイス',0,'メロメロボディ','フ');
INSERT INTO pokemons VALUES(41,'ズバット','どく/ひこう','あお',7.5,0.8000000000000000444,1,1,'洞窟',0,'目がない',0,'きゅうけつ',0,'せいしんりょく','ス');
INSERT INTO pokemons VALUES(42,'ゴルバット','どく/ひこう','あお',55.0,1.600000000000000088,2,1,'洞窟',0,'大きな口',0,'つばさでうつ',0,'せいしんりょく','コ');
INSERT INTO pokemons VALUES(43,'ナゾノクサ','くさ/どく','あお',5.400000000000000355,0.5,1,0,'草原',0,'葉っぱの頭',0,'ようかいえき',0,'ようりょくそ','ナ');
INSERT INTO pokemons VALUES(44,'クサイハナ','くさ/どく','あお',8.599999999999999645,0.8000000000000000444,2,0,'草原',0,'臭い花',0,'はなびらのまい',0,'ようりょくそ','ク');
INSERT INTO pokemons VALUES(45,'ラフレシア','くさ/どく','あか',18.60000000000000143,1.199999999999999956,3,0,'草原',0,'大きな花',0,'メガドレイン',0,'ようりょくそ','ラ');
INSERT INTO pokemons VALUES(46,'パラス','むし/くさ','オレンジ',5.400000000000000355,0.2999999999999999889,1,0,'森',0,'背中のキノコ',0,'キノコのほうし',0,'ほうし','ハ');
INSERT INTO pokemons VALUES(47,'パラセクト','むし/くさ','オレンジ',29.5,1.0,2,0,'森',0,'大きなキノコ',0,'きゅうけつ',0,'ほうし','ハ');
INSERT INTO pokemons VALUES(48,'コンパン','むし/どく','むらさき',30.0,1.0,1,0,'森',0,'大きな目',0,'しびれごな',0,'ふくがん','コ');
INSERT INTO pokemons VALUES(49,'モルフォン','むし/どく','むらさき',12.5,1.5,2,1,'森',0,'鱗粉の羽',0,'かぜおこし',0,'りんぷん','モ');
INSERT INTO pokemons VALUES(50,'ディグダ','じめん','ちゃいろ',0.8000000000000000444,0.2000000000000000111,1,0,'洞窟',0,'地面から顔',0,'あなをほる',0,'すながくれ','テ');
INSERT INTO pokemons VALUES(51,'ダグトリオ','じめん','ちゃいろ',33.29999999999999715,0.6999999999999999556,2,0,'洞窟',0,'3体が地面から',0,'じしん',0,'すながくれ','タ');
INSERT INTO pokemons VALUES(52,'ニャース','ノーマル','しろ',4.200000000000000177,0.4000000000000000222,1,0,'都市',0,'ひたいの小判',0,'ねこにこばん',1,'ものひろい','ニ');
INSERT INTO pokemons VALUES(53,'ペルシアン','ノーマル','しろ',32.0,1.0,2,0,'都市',0,'ひたいの赤い宝石',0,'かみつく',0,'じゅうなん','ヘ');
INSERT INTO pokemons VALUES(54,'コダック','みず','きいろ',19.60000000000000143,0.8000000000000000444,1,0,'湖・川',0,'しっぽ',0,'みずでっぽう',1,'しめりけ','コ');
INSERT INTO pokemons VALUES(55,'ゴルダック','みず','あお',76.59999999999999431,1.699999999999999956,2,0,'湖・川',0,'水かき',0,'ねんりき',0,'しめりけ','コ');
INSERT INTO pokemons VALUES(56,'マンキー','かくとう','ちゃいろ',28.0,0.5,1,0,'山',0,'しっぽ',0,'けたぐり',0,'やるき','マ');
INSERT INTO pokemons VALUES(57,'オコリザル','かくとう','ちゃいろ',32.0,1.0,2,0,'山',0,'毛深い体',0,'クロスチョップ',0,'やるき','オ');
INSERT INTO pokemons VALUES(58,'ガーディ','ほのお','オレンジ',19.0,0.6999999999999999556,1,0,'草原',0,'しま模様',0,'ひのこ',0,'いかく','カ');
INSERT INTO pokemons VALUES(59,'ウインディ','ほのお','オレンジ',155.0,1.899999999999999912,2,0,'草原',0,'大きなたてがみ',0,'かえんほうしゃ',0,'いかく','ウ');
INSERT INTO pokemons VALUES(60,'ニョロモ','みず','あお',12.40000000000000035,0.5999999999999999778,1,0,'湖・川',0,'おなかのうずまき',0,'みずでっぽう',0,'ちょすい','ニ');
INSERT INTO pokemons VALUES(61,'ニョロゾ','みず','あお',20.0,1.0,2,0,'湖・川',0,'おなかのうずまき',0,'バブルこうせん',0,'ちょすい','ニ');
INSERT INTO pokemons VALUES(62,'ニョロボン','みず/かくとう','あお',54.0,1.300000000000000044,3,0,'湖・川',0,'おなかのうずまき',0,'きあいパンチ',0,'ちょすい','ニ');
INSERT INTO pokemons VALUES(63,'ケーシィ','エスパー','きいろ',19.5,0.9000000000000000222,1,0,'洞窟',0,'しっぽ',0,'テレポート',0,'シンクロ','ケ');
INSERT INTO pokemons VALUES(64,'ユンゲラー','エスパー','きいろ',56.5,1.300000000000000044,2,0,'洞窟',0,'スプーン',0,'サイコキネシス',0,'シンクロ','ユ');
INSERT INTO pokemons VALUES(65,'フーディン','エスパー','きいろ',48.0,1.5,3,0,'洞窟',0,'2本のスプーン',0,'サイコキネシス',0,'シンクロ','フ');
INSERT INTO pokemons VALUES(66,'ワンリキー','かくとう','グレー',19.5,0.8000000000000000444,1,0,'山',0,'筋肉質な体',0,'からてチョップ',0,'こんじょう','ワ');
INSERT INTO pokemons VALUES(67,'ゴーリキー','かくとう','グレー',70.5,1.5,2,0,'山',0,'4本の腕',0,'クロスチョップ',0,'こんじょう','コ');
INSERT INTO pokemons VALUES(68,'カイリキー','かくとう','グレー',130.0,1.600000000000000088,3,0,'山',0,'4本の腕',0,'ばくれつパンチ',0,'こんじょう','カ');
INSERT INTO pokemons VALUES(69,'マダツボミ','くさ/どく','みどり',4.0,0.6999999999999999556,1,0,'草原',0,'口の大きな花',0,'つるのムチ',0,'ようりょくそ','マ');
INSERT INTO pokemons VALUES(70,'ウツドン','くさ/どく','みどり',6.400000000000000355,1.0,2,0,'草原',0,'口が大きい',0,'はっぱカッター',0,'ようりょくそ','ウ');
INSERT INTO pokemons VALUES(71,'ウツボット','くさ/どく','みどり',15.5,1.699999999999999956,3,0,'草原',0,'大きな口',0,'はなびらのまい',0,'ようりょくそ','ウ');
INSERT INTO pokemons VALUES(72,'メノクラゲ','みず/どく','あお',45.5,0.9000000000000000222,1,0,'海',0,'赤い宝石',0,'バブルこうせん',0,'クリアボディ','メ');
INSERT INTO pokemons VALUES(73,'ドククラゲ','みず/どく','あお',55.0,1.600000000000000088,2,0,'海',0,'赤い宝石',0,'アシッドボム',0,'クリアボディ','ト');
INSERT INTO pokemons VALUES(74,'イシツブテ','いわ/じめん','グレー',20.0,0.4000000000000000222,1,0,'山',0,'岩の体',0,'たいあたり',0,'いしあたま','イ');
INSERT INTO pokemons VALUES(75,'ゴローン','いわ/じめん','グレー',105.0,1.0,2,0,'山',0,'丸い体',0,'ころがる',0,'いしあたま','コ');
INSERT INTO pokemons VALUES(76,'ゴローニャ','いわ/じめん','グレー',300.0,1.399999999999999912,3,0,'山',0,'岩の殻',0,'じしん',0,'いしあたま','コ');
INSERT INTO pokemons VALUES(77,'ポニータ','ほのお','しろ',30.0,1.0,1,0,'草原',0,'炎のたてがみ',0,'にどげり',0,'にげあし','ホ');
INSERT INTO pokemons VALUES(78,'ギャロップ','ほのお','しろ',95.0,1.699999999999999956,2,0,'草原',0,'炎のたてがみ',0,'だいもんじ',0,'にげあし','キ');
INSERT INTO pokemons VALUES(79,'ヤドン','みず/エスパー','ピンク',36.0,1.199999999999999956,1,0,'湖・川',0,'しっぽ',0,'みずでっぽう',0,'マイペース','ヤ');
INSERT INTO pokemons VALUES(80,'ヤドラン','みず/エスパー','ピンク',78.5,1.600000000000000088,2,0,'湖・川',0,'シェルダー',0,'なみのり',0,'マイペース','ヤ');
INSERT INTO pokemons VALUES(81,'コイル','でんき/はがね','グレー',6.0,0.2999999999999999889,1,0,'発電所',0,'U字磁石',0,'でんきショック',0,'じりょく','コ');
INSERT INTO pokemons VALUES(82,'レアコイル','でんき/はがね','グレー',60.0,1.0,2,0,'発電所',0,'3つのコイル',0,'でんじは',0,'じりょく','レ');
INSERT INTO pokemons VALUES(83,'カモネギ','ノーマル/ひこう','ちゃいろ',15.0,0.8000000000000000444,1,1,'草原',0,'ネギ',0,'リーフブレード',0,'せいしんりょく','カ');
INSERT INTO pokemons VALUES(84,'ドードー','ノーマル/ひこう','ちゃいろ',39.20000000000000285,1.399999999999999912,1,0,'草原',0,'2つの頭',0,'ドリルくちばし',0,'はやおき','ト');
INSERT INTO pokemons VALUES(85,'ドードリオ','ノーマル/ひこう','ちゃいろ',85.20000000000000284,1.800000000000000044,2,0,'草原',0,'3つの頭',0,'トライアタック',0,'はやおき','ト');
INSERT INTO pokemons VALUES(86,'パウワウ','みず','しろ',90.0,1.100000000000000089,1,0,'海',0,'ひれ',0,'こごえるかぜ',0,'あついしぼう','ハ');
INSERT INTO pokemons VALUES(87,'ジュゴン','みず/こおり','しろ',120.0,1.699999999999999956,2,0,'海',0,'長いしっぽ',0,'れいとうビーム',0,'あついしぼう','シ');
INSERT INTO pokemons VALUES(88,'ベトベター','どく','むらさき',30.0,0.9000000000000000222,1,0,'工場',0,'ドロドロの体',0,'ヘドロこうげき',0,'あくしゅう','ヘ');
INSERT INTO pokemons VALUES(89,'ベトベトン','どく','むらさき',30.0,1.199999999999999956,2,0,'工場',0,'ドロドロの体',0,'ヘドロばくだん',0,'あくしゅう','ヘ');
INSERT INTO pokemons VALUES(90,'シェルダー','みず','むらさき',4.0,0.2999999999999999889,1,0,'海',0,'かたい貝',0,'こおりのキバ',0,'シェルアーマー','シ');
INSERT INTO pokemons VALUES(91,'パルシェン','みず/こおり','むらさき',132.5,1.5,2,0,'海',0,'硬い殻',0,'つららばり',0,'シェルアーマー','ハ');
INSERT INTO pokemons VALUES(92,'ゴース','ゴースト/どく','むらさき',0.1000000000000000055,1.300000000000000044,1,0,'塔',0,'ガス状の体',0,'おどろかす',0,'ふゆう','コ');
INSERT INTO pokemons VALUES(93,'ゴースト','ゴースト/どく','むらさき',0.1000000000000000055,1.600000000000000088,2,0,'塔',0,'浮遊',0,'たたりめ',0,'ふゆう','コ');
INSERT INTO pokemons VALUES(94,'ゲンガー','ゴースト/どく','むらさき',40.5,1.5,3,0,'塔',0,'大きな口',0,'シャドーボール',0,'ふゆう','ケ');
INSERT INTO pokemons VALUES(95,'イワーク','いわ/じめん','グレー',210.0,8.800000000000000711,1,0,'洞窟',0,'岩の体',0,'いわおとし',0,'いしあたま','イ');
INSERT INTO pokemons VALUES(96,'スリープ','エスパー','きいろ',32.39999999999999858,1.0,1,0,'草原',0,'鼻',0,'さいみんじゅつ',0,'ふみん','ス');
INSERT INTO pokemons VALUES(97,'スリーパー','エスパー','きいろ',75.59999999999999431,1.600000000000000088,2,0,'草原',0,'振り子',0,'ゆめくい',0,'ふみん','ス');
INSERT INTO pokemons VALUES(98,'クラブ','みず','オレンジ',6.5,0.4000000000000000222,1,0,'海',0,'大きなはさみ',0,'はさむ',0,'かいりきバサミ','ク');
INSERT INTO pokemons VALUES(99,'キングラー','みず','オレンジ',60.0,1.300000000000000044,2,0,'海',0,'巨大なはさみ',0,'クラブハンマー',0,'かいりきバサミ','キ');
INSERT INTO pokemons VALUES(100,'ビリリダマ','でんき','あか',10.40000000000000035,0.5,1,0,'発電所',0,'ボール型',0,'じばく',0,'せいでんき','ヒ');
INSERT INTO pokemons VALUES(101,'マルマイン','でんき','あか',66.59999999999999431,1.199999999999999956,2,0,'発電所',0,'大きなボール型',0,'じばく',0,'せいでんき','マ');
INSERT INTO pokemons VALUES(102,'タマタマ','くさ/エスパー','ピンク',2.5,0.4000000000000000222,1,0,'森',0,'6つのタマゴ',0,'タマゴばくだん',0,'ようりょくそ','タ');
INSERT INTO pokemons VALUES(103,'ナッシー','くさ/エスパー','みどり',120.0,2.0,2,0,'森',0,'3つの顔',0,'サイコキネシス',0,'ようりょくそ','ナ');
INSERT INTO pokemons VALUES(104,'カラカラ','じめん','ちゃいろ',6.5,0.4000000000000000222,1,0,'洞窟',0,'頭の骨',0,'ホネこんぼう',0,'ひらいしん','カ');
INSERT INTO pokemons VALUES(105,'ガラガラ','じめん','ちゃいろ',45.0,0.9000000000000000222,2,0,'洞窟',0,'骨の武器',0,'ホネブーメラン',0,'ひらいしん','カ');
INSERT INTO pokemons VALUES(106,'サワムラー','かくとう','ちゃいろ',49.79999999999999716,1.5,1,0,'道場',0,'長い足',0,'とびひざげり',0,'じゅうなん','サ');
INSERT INTO pokemons VALUES(107,'エビワラー','かくとう','ちゃいろ',50.20000000000000284,1.399999999999999912,1,0,'道場',0,'ボクシンググローブ',0,'マッハパンチ',0,'てつのこぶし','エ');
INSERT INTO pokemons VALUES(108,'ベロリンガ','ノーマル','ピンク',65.5,1.199999999999999956,1,0,'草原',0,'長い舌',0,'のしかかり',0,'マイペース','ヘ');
INSERT INTO pokemons VALUES(109,'ドガース','どく','むらさき',1.0,0.5999999999999999778,1,0,'工場',0,'ガス体',0,'どくガス',0,'ふゆう','ト');
INSERT INTO pokemons VALUES(110,'マタドガス','どく','むらさき',9.5,1.199999999999999956,2,0,'工場',0,'2つの頭',0,'ヘドロこうげき',0,'ふゆう','マ');
INSERT INTO pokemons VALUES(111,'サイホーン','じめん/いわ','グレー',115.0,1.0,1,0,'荒野',0,'大きな角',0,'つのでつく',0,'ひらいしん','サ');
INSERT INTO pokemons VALUES(112,'サイドン','じめん/いわ','グレー',120.0,1.899999999999999912,2,0,'荒野',0,'ドリル角',0,'メガホーン',0,'ひらいしん','サ');
INSERT INTO pokemons VALUES(113,'ラッキー','ノーマル','ピンク',34.60000000000000142,1.100000000000000089,1,0,'病院',0,'タマゴ',0,'タマゴうみ',0,'しぜんかいふく','ラ');
INSERT INTO pokemons VALUES(114,'モンジャラ','くさ','みどり',35.0,1.0,1,0,'草原',0,'ツルの体',0,'つるのムチ',0,'ようりょくそ','モ');
INSERT INTO pokemons VALUES(115,'ガルーラ','ノーマル','ちゃいろ',80.0,2.200000000000000178,1,0,'草原',0,'子どもを抱く',0,'グロウパンチ',0,'はやおき','カ');
INSERT INTO pokemons VALUES(116,'タッツー','みず','あお',8.0,0.4000000000000000222,1,0,'海',0,'小さなタツノオトシゴ',0,'みずでっぽう',0,'すいすい','タ');
INSERT INTO pokemons VALUES(117,'シードラ','みず','あお',25.0,1.199999999999999956,2,0,'海',0,'トゲのある体',0,'バブルこうせん',0,'どくのトゲ','シ');
INSERT INTO pokemons VALUES(118,'トサキント','みず','しろ',15.0,0.5999999999999999778,1,0,'湖・川',0,'ツノ',0,'みずでっぽう',0,'すいすい','ト');
INSERT INTO pokemons VALUES(119,'アズマオウ','みず','しろ',39.0,1.300000000000000044,2,0,'湖・川',0,'大きなツノ',0,'メガホーン',0,'すいすい','ア');
INSERT INTO pokemons VALUES(120,'ヒトデマン','みず','あか',34.5,0.8000000000000000444,1,0,'海',0,'星型',0,'バブルこうせん',0,'はっこう','ヒ');
INSERT INTO pokemons VALUES(121,'スターミー','みず/エスパー','むらさき',80.0,1.100000000000000089,2,0,'海',0,'宝石状の中心',0,'サイコキネシス',0,'はっこう','ス');
INSERT INTO pokemons VALUES(122,'バリヤード','エスパー/フェアリー','しろ',54.5,1.300000000000000044,1,0,'都市',0,'ピエロ',0,'バリアー',0,'フィルター','ハ');
INSERT INTO pokemons VALUES(123,'ストライク','むし/ひこう','みどり',56.0,1.5,1,1,'森',0,'カマの腕',0,'れんぞくぎり',0,'むしのしらせ','ス');
INSERT INTO pokemons VALUES(124,'ルージュラ','こおり/エスパー','ピンク',40.60000000000000142,1.399999999999999912,1,0,'雪山',0,'唇',0,'ドレインキッス',0,'どんかん','ル');
INSERT INTO pokemons VALUES(125,'エレブー','でんき','きいろ',30.0,1.100000000000000089,1,0,'発電所',0,'トラ模様',0,'かみなりパンチ',0,'せいでんき','エ');
INSERT INTO pokemons VALUES(126,'ブーバー','ほのお','あか',44.5,1.300000000000000044,1,0,'火山',0,'火炎の体',0,'かえんほうしゃ',0,'ほのおのからだ','フ');
INSERT INTO pokemons VALUES(127,'カイロス','むし','みどり',55.0,1.5,1,0,'森',0,'大きなツノ',0,'シザークロス',0,'かいりきバサミ','カ');
INSERT INTO pokemons VALUES(128,'ケンタロス','ノーマル','ちゃいろ',88.40000000000000569,1.399999999999999912,1,0,'草原',0,'3本のしっぽ',0,'とっしん',0,'いかく','ケ');
INSERT INTO pokemons VALUES(129,'コイキング','みず','あか',10.0,0.9000000000000000222,1,0,'湖・川',0,'ひげ',0,'はねる',0,'すいすい','コ');
INSERT INTO pokemons VALUES(130,'ギャラドス','みず/ひこう','あお',235.0,6.5,2,1,'湖・川',0,'怒り顔',0,'はかいこうせん',0,'いかく','キ');
INSERT INTO pokemons VALUES(131,'ラプラス','みず/こおり','あお',220.0,2.5,1,0,'海',0,'甲羅',0,'なみのり',1,'ちょすい','ラ');
INSERT INTO pokemons VALUES(132,'メタモン','ノーマル','むらさき',4.0,0.2999999999999999889,1,0,'都市',0,'変化体',0,'へんしん',0,'じゅうなん','メ');
INSERT INTO pokemons VALUES(133,'イーブイ','ノーマル','ちゃいろ',6.5,0.2999999999999999889,1,0,'都市',0,'ふさふさのしっぽ',0,'でんこうせっか',1,'にげあし','イ');
INSERT INTO pokemons VALUES(134,'シャワーズ','みず','あお',29.0,1.0,2,0,'湖・川',0,'魚のような尾',0,'ハイドロポンプ',0,'ちょすい','シ');
INSERT INTO pokemons VALUES(135,'サンダース','でんき','きいろ',24.5,0.8000000000000000444,2,0,'都市',0,'トゲトゲの体',0,'10まんボルト',0,'ちくでん','サ');
INSERT INTO pokemons VALUES(136,'ブースター','ほのお','オレンジ',25.0,0.9000000000000000222,2,0,'山',0,'ふさふさの毛',0,'だいもんじ',0,'もらいび','フ');
INSERT INTO pokemons VALUES(137,'ポリゴン','ノーマル','ピンク',36.5,0.8000000000000000444,1,0,'都市',0,'多角形ボディ',0,'テクスチャー',0,'トレース','ホ');
INSERT INTO pokemons VALUES(138,'オムナイト','いわ/みず','あお',7.5,0.4000000000000000222,1,0,'海',0,'カタツムリ状',1,'まきつく',1,'すいすい','オ');
INSERT INTO pokemons VALUES(139,'オムスター','いわ/みず','あお',35.0,1.0,2,0,'海',0,'たくさんの触手',1,'まきつく',1,'すいすい','オ');
INSERT INTO pokemons VALUES(140,'カブト','いわ/みず','くろ',11.5,0.5,1,0,'海',0,'カブトムシ状',1,'ひこうせい',1,'すいすい','カ');
INSERT INTO pokemons VALUES(141,'カブトプス','いわ/みず','くろ',40.5,1.300000000000000044,2,0,'海',0,'かま状の腕',1,'きりさく',1,'すいすい','カ');
INSERT INTO pokemons VALUES(142,'プテラ','いわ/ひこう','グレー',59.0,1.800000000000000044,1,1,'山',0,'翼',1,'いわなだれ',1,'いしあたま','フ');
INSERT INTO pokemons VALUES(143,'カビゴン','ノーマル','くろ',460.0,2.100000000000000088,1,0,'山',0,'巨大な体',0,'のしかかり',1,'めんえき','カ');
INSERT INTO pokemons VALUES(144,'フリーザー','こおり/ひこう','あお',55.39999999999999858,1.699999999999999956,1,1,'山',1,'大きな翼',0,'ふぶき',0,'プレッシャー','フ');
INSERT INTO pokemons VALUES(145,'サンダー','でんき/ひこう','きいろ',52.60000000000000142,1.600000000000000088,1,1,'発電所',1,'トゲトゲの羽',0,'かみなり',0,'プレッシャー','サ');
INSERT INTO pokemons VALUES(146,'ファイヤー','ほのお/ひこう','オレンジ',60.0,2.0,1,1,'火山',1,'炎の羽',0,'にらみつける',0,'プレッシャー','フ');
INSERT INTO pokemons VALUES(147,'ミニリュウ','ドラゴン','あお',3.299999999999999823,1.800000000000000044,1,0,'湖',0,'ながい体',0,'りゅうのいかり',0,'だっぴ','ミ');
INSERT INTO pokemons VALUES(148,'ハクリュー','ドラゴン','あお',16.5,4.0,2,0,'湖',0,'尾の水晶',0,'りゅうのいぶき',0,'だっぴ','ハ');
INSERT INTO pokemons VALUES(149,'カイリュー','ドラゴン/ひこう','オレンジ',210.0,2.200000000000000178,3,1,'海',0,'小さな翼',0,'はかいこうせん',0,'せいしんりょく','カ');
INSERT INTO pokemons VALUES(150,'ミュウツー','エスパー','むらさき',122.0,2.0,1,0,'洞窟',1,'長い尾',0,'サイコブレイク',0,'プレッシャー','ミ');
INSERT INTO pokemons VALUES(151,'ミュウ','エスパー','ピンク',4.0,0.4000000000000000222,1,0,'洞窟',1,'長いしっぽ',0,'へんしん',0,'シンクロ','ミ');
CREATE TABLE IF NOT EXISTS "django_migrations" ("id" integer NOT NULL PRIMARY KEY AUTOINCREMENT, "app" varchar(255) NOT NULL, "name" varchar(255) NOT NULL, "applied" datetime NOT NULL);
INSERT INTO django_migrations VALUES(1,'contenttypes','0001_initial','2025-06-27 02:41:07.282805');
INSERT INTO django_migrations VALUES(2,'auth','0001_initial','2025-06-27 02:41:07.306235');
INSERT INTO django_migrations VALUES(3,'admin','0001_initial','2025-06-27 02:41:07.322361');
INSERT INTO django_migrations VALUES(4,'admin','0002_logentry_remove_auto_add','2025-06-27 02:41:07.336269');
INSERT INTO django_migrations VALUES(5,'admin','0003_logentry_add_action_flag_choices','2025-06-27 02:41:07.347141');
INSERT INTO django_migrations VALUES(6,'contenttypes','0002_remove_content_type_name','2025-06-27 02:41:07.359946');
INSERT INTO django_migrations VALUES(7,'auth','0002_alter_permission_name_max_length','2025-06-27 02:41:07.373858');
INSERT INTO django_migrations VALUES(8,'auth','0003_alter_user_email_max_length','2025-06-27 02:41:07.389476');
INSERT INTO django_migrations VALUES(9,'auth','0004_alter_user_username_opts','2025-06-27 02:41:07.401999');
INSERT INTO django_migrations VALUES(10,'auth','0005_alter_user_last_login_null','2025-06-27 02:41:07.417019');
INSERT INTO django_migrations VALUES(11,'auth','0006_require_contenttypes_0002','2025-06-27 02:41:07.418261');
INSERT INTO django_migrations VALUES(12,'auth','0007_alter_validators_add_error_messages','2025-06-27 02:41:07.437470');
INSERT INTO django_migrations VALUES(13,'auth','0008_alter_user_username_max_length','2025-06-27 02:41:07.450969');
INSERT INTO django_migrations VALUES(14,'auth','0009_alter_user_last_name_max_length','2025-06-27 02:41:07.465033');
INSERT INTO django_migrations VALUES(15,'auth','0010_alter_group_name_max_length','2025-06-27 02:41:07.476734');
INSERT INTO django_migrations VALUES(16,'auth','0011_update_proxy_permissions','2025-06-27 02:41:07.484880');
INSERT INTO django_migrations VALUES(17,'auth','0012_alter_user_first_name_max_length','2025-06-27 02:41:07.502062');
INSERT INTO django_migrations VALUES(18,'sessions','0001_initial','2025-06-27 02:41:07.517113');
CREATE TABLE IF NOT EXISTS "auth_group_permissions" ("id" integer NOT NULL PRIMARY KEY AUTOINCREMENT, "group_id" integer NOT NULL REFERENCES "auth_group" ("id") DEFERRABLE INITIALLY DEFERRED, "permission_id" integer NOT NULL REFERENCES "auth_permission" ("id") DEFERRABLE INITIALLY DEFERRED);
CREATE TABLE IF NOT EXISTS "auth_user_groups" ("id" integer NOT NULL PRIMARY KEY AUTOINCREMENT, "user_id" integer NOT NULL REFERENCES "auth_user" ("id") DEFERRABLE INITIALLY DEFERRED, "group_id" integer NOT NULL REFERENCES "auth_group" ("id") DEFERRABLE INITIALLY DEFERRED);
CREATE TABLE IF NOT EXISTS "auth_user_user_permissions" ("id" integer NOT NULL PRIMARY KEY AUTOINCREMENT, "user_id" integer NOT NULL REFERENCES "auth_user" ("id") DEFERRABLE INITIALLY DEFERRED, "permission_id" integer NOT NULL REFERENCES "auth_permission" ("id") DEFERRABLE INITIALLY DEFERRED);
CREATE TABLE IF NOT EXISTS "django_admin_log" ("id" integer NOT NULL PRIMARY KEY AUTOINCREMENT, "object_id" text NULL, "object_repr" varchar(200) NOT NULL, "action_flag" smallint unsigned NOT NULL CHECK ("action_flag" >= 0), "change_message" text NOT NULL, "content_type_id" integer NULL REFERENCES "django_content_type" ("id") DEFERRABLE INITIALLY DEFERRED, "user_id" integer NOT NULL REFERENCES "auth_user" ("id") DEFERRABLE INITIALLY DEFERRED, "action_time" datetime NOT NULL);
CREATE TABLE IF NOT EXISTS "django_content_type" ("id" integer NOT NULL PRIMARY KEY AUTOINCREMENT, "app_label" varchar(100) NOT NULL, "model" varchar(100) NOT NULL);
INSERT INTO django_content_type VALUES(1,'admin','logentry');
INSERT INTO django_content_type VALUES(2,'auth','permission');
INSERT INTO django_content_type VALUES(3,'auth','group');
INSERT INTO django_content_type VALUES(4,'auth','user');
INSERT INTO django_content_type VALUES(5,'contenttypes','contenttype');
INSERT INTO django_content_type VALUES(6,'sessions','session');
CREATE TABLE IF NOT EXISTS "auth_permission" ("id" integer NOT NULL PRIMARY KEY AUTOINCREMENT, "content_type_id" integer NOT NULL REFERENCES "django_content_type" ("id") DEFERRABLE INITIALLY DEFERRED, "codename" varchar(100) NOT NULL, "name" varchar(255) NOT NULL);
INSERT INTO auth_permission VALUES(1,1,'add_logentry','Can add log entry');
INSERT INTO auth_permission VALUES(2,1,'change_logentry','Can change log entry');
INSERT INTO auth_permission VALUES(3,1,'delete_logentry','Can delete log entry');
INSERT INTO auth_permission VALUES(4,1,'view_logentry','Can view log entry');
INSERT INTO auth_permission VALUES(5,2,'add_permission','Can add permission');
INSERT INTO auth_permission VALUES(6,2,'change_permission','Can change permission');
INSERT INTO auth_permission VALUES(7,2,'delete_permission','Can delete permission');
INSERT INTO auth_permission VALUES(8,2,'view_permission','Can view permission');
INSERT INTO auth_permission VALUES(9,3,'add_group','Can add group');
INSERT INTO auth_permission VALUES(10,3,'change_group','Can change group');
INSERT INTO auth_permission VALUES(11,3,'delete_group','Can delete group');
INSERT INTO auth_permission VALUES(12,3,'view_group','Can view group');
INSERT INTO auth_permission VALUES(13,4,'add_user','Can add user');
INSERT INTO auth_permission VALUES(14,4,'change_user','Can change user');
INSERT INTO auth_permission VALUES(15,4,'delete_user','Can delete user');
INSERT INTO auth_permission VALUES(16,4,'view_user','Can view user');
INSERT INTO auth_permission VALUES(17,5,'add_contenttype','Can add content type');
INSERT INTO auth_permission VALUES(18,5,'change_contenttype','Can change content type');
INSERT INTO auth_permission VALUES(19,5,'delete_contenttype','Can delete content type');
INSERT INTO auth_permission VALUES(20,5,'view_contenttype','Can view content type');
INSERT INTO auth_permission VALUES(21,6,'add_session','Can add session');
INSERT INTO auth_permission VALUES(22,6,'change_session','Can change session');
INSERT INTO auth_permission VALUES(23,6,'delete_session','Can delete session');
INSERT INTO auth_permission VALUES(24,6,'view_session','Can view session');
CREATE TABLE IF NOT EXISTS "auth_group" ("id" integer NOT NULL PRIMARY KEY AUTOINCREMENT, "name" varchar(150) NOT NULL UNIQUE);
CREATE TABLE IF NOT EXISTS "auth_user" ("id" integer NOT NULL PRIMARY KEY AUTOINCREMENT, "password" varchar(128) NOT NULL, "last_login" datetime NULL, "is_superuser" bool NOT NULL, "username" varchar(150) NOT NULL UNIQUE, "last_name" varchar(150) NOT NULL, "email" varchar(254) NOT NULL, "is_staff" bool NOT NULL, "is_active" bool NOT NULL, "date_joined" datetime NOT NULL, "first_name" varchar(150) NOT NULL);
CREATE TABLE IF NOT EXISTS "django_session" ("session_key" varchar(40) NOT NULL PRIMARY KEY, "session_data" text NOT NULL, "expire_date" datetime NOT NULL);
INSERT INTO django_session VALUES('1hgelm8kzu4dlkailzjehgla9qntzogt','eyJ1c2VyX2Fuc3dlcnMiOnsidHlwZTpcdTMwNjdcdTMwOTNcdTMwNGQiOjB9fQ:1uUz1u:TfUfIXem-ct49f19jpWhQOPzYLMU-bRxA1EWDVIll0I','2025-07-11 02:41:30.568122');
INSERT INTO django_session VALUES('zzkb7bsyqa9f7udww5rdzfvnv9g06aff','.eJzlUssOgjAQ_JeeewBqEforYgiPIiSEmj4khPDvwqIJNhp8nrxsMzvdnd3N9MgoLuOkUS2XCrEetbw6lJoRBzEXI34StdGVaJgHWHdHziJDnG0xRZpANhO1kJDeeBDndJmklU70SPic-hNRpJGheZ5bvaCIEij1R27A6DJRXFZKC9khtusHfDOdY2N8Re46u1D3Q9AtQPf1muX2gQMRSErhS_67tssDB2Qz0pSExby6JWmP8DG2nbHG33fOe1UP_PbVZivmfeLC_36hPUaN0HEmpOTZ9JpGT948A2-mXRw:1ue1Ri:EA3NdH1Sgj2QeMOHFit81w0ZMNXWlHYYIqrx5lclm3o','2025-08-05 01:05:30.153210');
INSERT INTO sqlite_sequence VALUES('django_migrations',18);
INSERT INTO sqlite_sequence VALUES('django_admin_log',0);
INSERT INTO sqlite_sequence VALUES('django_content_type',6);
INSERT INTO sqlite_sequence VALUES('auth_permission',24);
INSERT INTO sqlite_sequence VALUES('auth_group',0);
INSERT INTO sqlite_sequence VALUES('auth_user',0);
CREATE UNIQUE INDEX "auth_group_permissions_group_id_permission_id_0cd325b0_uniq" ON "auth_group_permissions" ("group_id", "permission_id");
CREATE INDEX "auth_group_permissions_group_id_b120cbf9" ON "auth_group_permissions" ("group_id");
CREATE INDEX "auth_group_permissions_permission_id_84c5c92e" ON "auth_group_permissions" ("permission_id");
CREATE UNIQUE INDEX "auth_user_groups_user_id_group_id_94350c0c_uniq" ON "auth_user_groups" ("user_id", "group_id");
CREATE INDEX "auth_user_groups_user_id_6a12ed8b" ON "auth_user_groups" ("user_id");
CREATE INDEX "auth_user_groups_group_id_97559544" ON "auth_user_groups" ("group_id");
CREATE UNIQUE INDEX "auth_user_user_permissions_user_id_permission_id_14a6b632_uniq" ON "auth_user_user_permissions" ("user_id", "permission_id");
CREATE INDEX "auth_user_user_permissions_user_id_a95ead1b" ON "auth_user_user_permissions" ("user_id");
CREATE INDEX "auth_user_user_permissions_permission_id_1fbb5f2c" ON "auth_user_user_permissions" ("permission_id");
CREATE INDEX "django_admin_log_content_type_id_c4bce8eb" ON "django_admin_log" ("content_type_id");
CREATE INDEX "django_admin_log_user_id_c564eba6" ON "django_admin_log" ("user_id");
CREATE UNIQUE INDEX "django_content_type_app_label_model_76bd3d3b_uniq" ON "django_content_type" ("app_label", "model");
CREATE UNIQUE INDEX "auth_permission_content_type_id_codename_01ab375a_uniq" ON "auth_permission" ("content_type_id", "codename");
CREATE INDEX "auth_permission_content_type_id_2f476e4b" ON "auth_permission" ("content_type_id");
CREATE INDEX "django_session_expire_date_a5c62663" ON "django_session" ("expire_date");
COMMIT;
